{
  "active": "default",
  "profiles": {
    "default": {
      "cpu_threads": 15,
      "mem_gib": 21.46827131509781,
      "storage_gib": 57.11815185546875
    }
  }
}